测试类,测试数,失败,错误,跳过
com.keyboard.mes.api.controller.InspectionRecordControllerTest,1,0,0,0
com.keyboard.mes.api.controller.ProductionOrderControllerTest,2,0,0,0
com.keyboard.mes.api.controller.ProductionTaskControllerTest,4,0,0,0
com.keyboard.mes.api.controller.ProductModelControllerTest,4,0,0,0
com.keyboard.mes.api.controller.ReportControllerTest,4,0,0,0
com.keyboard.mes.api.controller.ReworkOrderControllerTest,2,0,0,0
com.keyboard.mes.api.controller.TraceControllerTest,2,0,0,0
com.keyboard.mes.api.controller.WorkReportControllerTest,1,0,0,0
com.keyboard.mes.unit.config.RedisStartupWaiterTest,2,0,0,0
com.keyboard.mes.unit.service.AuthSessionServiceTest,3,0,0,0
com.keyboard.mes.unit.service.impl.InspectionRecordServiceImplTest,11,0,0,0
com.keyboard.mes.unit.service.impl.MaterialServiceImplTest,5,0,0,0
com.keyboard.mes.unit.service.impl.ProductionOrderServiceImplTest,7,0,0,0
com.keyboard.mes.unit.service.impl.ProductionTaskServiceImplTest,14,0,0,0
com.keyboard.mes.unit.service.impl.ProductModelServiceImplTest,5,0,0,0
com.keyboard.mes.unit.service.impl.ReportServiceImplTest,4,0,0,0
com.keyboard.mes.unit.service.impl.ReworkOrderServiceImplTest,11,0,0,0
com.keyboard.mes.unit.service.impl.TraceServiceImplTest,3,0,0,0
com.keyboard.mes.unit.service.impl.WorkReportServiceImplTest,11,0,0,0
