文件,P3C,FindBugs
com/keyboard/mes/config/AuthInterceptor.java,已扫描,Java17字节码不兼容，未成功分析
com/keyboard/mes/config/MybatisPlusMetaObjectHandler.java,已扫描,Java17字节码不兼容，未成功分析
com/keyboard/mes/config/RedisStartupWaiter.java,已扫描,Java17字节码不兼容，未成功分析
com/keyboard/mes/config/ShiroConfiguration.java,已扫描,Java17字节码不兼容，未成功分析
com/keyboard/mes/config/WebConfig.java,已扫描,Java17字节码不兼容，未成功分析
com/keyboard/mes/controller/ApiInfoController.java,已扫描,Java17字节码不兼容，未成功分析
com/keyboard/mes/controller/AuthController.java,已扫描,Java17字节码不兼容，未成功分析
com/keyboard/mes/controller/InspectionRecordController.java,已扫描,Java17字节码不兼容，未成功分析
com/keyboard/mes/controller/MaterialController.java,已扫描,Java17字节码不兼容，未成功分析
com/keyboard/mes/controller/ProcessRouteController.java,已扫描,Java17字节码不兼容，未成功分析
com/keyboard/mes/controller/ProductBomController.java,已扫描,Java17字节码不兼容，未成功分析
com/keyboard/mes/controller/ProductionOrderController.java,已扫描,Java17字节码不兼容，未成功分析
com/keyboard/mes/controller/ProductionTaskController.java,已扫描,Java17字节码不兼容，未成功分析
com/keyboard/mes/controller/ProductModelController.java,已扫描,Java17字节码不兼容，未成功分析
com/keyboard/mes/controller/ReportController.java,已扫描,Java17字节码不兼容，未成功分析
com/keyboard/mes/controller/ReworkOrderController.java,已扫描,Java17字节码不兼容，未成功分析
com/keyboard/mes/controller/SysUserController.java,已扫描,Java17字节码不兼容，未成功分析
com/keyboard/mes/controller/TraceController.java,已扫描,Java17字节码不兼容，未成功分析
com/keyboard/mes/controller/WorkReportController.java,已扫描,Java17字节码不兼容，未成功分析
com/keyboard/mes/dto/LoginRequest.java,已扫描,临时Java8字节码副本已分析
com/keyboard/mes/dto/Result.java,已扫描,临时Java8字节码副本已分析
com/keyboard/mes/dto/TraceResult.java,已扫描,临时Java8字节码副本已分析
com/keyboard/mes/entity/InspectionRecord.java,已扫描,临时Java8字节码副本已分析
com/keyboard/mes/entity/Material.java,已扫描,临时Java8字节码副本已分析
com/keyboard/mes/entity/ProcessRoute.java,已扫描,临时Java8字节码副本已分析
com/keyboard/mes/entity/ProductBom.java,已扫描,临时Java8字节码副本已分析
com/keyboard/mes/entity/ProductionOrder.java,已扫描,临时Java8字节码副本已分析
com/keyboard/mes/entity/ProductionTask.java,已扫描,临时Java8字节码副本已分析
com/keyboard/mes/entity/ProductModel.java,已扫描,临时Java8字节码副本已分析
com/keyboard/mes/entity/ReworkOrder.java,已扫描,临时Java8字节码副本已分析
com/keyboard/mes/entity/SysUser.java,已扫描,临时Java8字节码副本已分析
com/keyboard/mes/entity/WorkReport.java,已扫描,临时Java8字节码副本已分析
com/keyboard/mes/exception/BusinessException.java,已扫描,Java17字节码不兼容，未成功分析
com/keyboard/mes/exception/GlobalExceptionHandler.java,已扫描,Java17字节码不兼容，未成功分析
com/keyboard/mes/KeyboardMesApplication.java,已扫描,Java17字节码不兼容，未成功分析
com/keyboard/mes/repository/InspectionRecordMapper.java,已扫描,Java17字节码不兼容，未成功分析
com/keyboard/mes/repository/MaterialMapper.java,已扫描,Java17字节码不兼容，未成功分析
com/keyboard/mes/repository/ProcessRouteMapper.java,已扫描,Java17字节码不兼容，未成功分析
com/keyboard/mes/repository/ProductBomMapper.java,已扫描,Java17字节码不兼容，未成功分析
com/keyboard/mes/repository/ProductionOrderMapper.java,已扫描,Java17字节码不兼容，未成功分析
com/keyboard/mes/repository/ProductionTaskMapper.java,已扫描,Java17字节码不兼容，未成功分析
com/keyboard/mes/repository/ProductModelMapper.java,已扫描,Java17字节码不兼容，未成功分析
com/keyboard/mes/repository/ReworkOrderMapper.java,已扫描,Java17字节码不兼容，未成功分析
com/keyboard/mes/repository/SysUserMapper.java,已扫描,Java17字节码不兼容，未成功分析
com/keyboard/mes/repository/WorkReportMapper.java,已扫描,Java17字节码不兼容，未成功分析
com/keyboard/mes/service/AuthSessionService.java,已扫描,Java17字节码不兼容，未成功分析
com/keyboard/mes/service/impl/InspectionRecordServiceImpl.java,已扫描,Java17字节码不兼容，未成功分析
com/keyboard/mes/service/impl/MaterialServiceImpl.java,已扫描,Java17字节码不兼容，未成功分析
com/keyboard/mes/service/impl/ProcessRouteServiceImpl.java,已扫描,Java17字节码不兼容，未成功分析
com/keyboard/mes/service/impl/ProductBomServiceImpl.java,已扫描,Java17字节码不兼容，未成功分析
com/keyboard/mes/service/impl/ProductionOrderServiceImpl.java,已扫描,Java17字节码不兼容，未成功分析
com/keyboard/mes/service/impl/ProductionTaskServiceImpl.java,已扫描,Java17字节码不兼容，未成功分析
com/keyboard/mes/service/impl/ProductModelServiceImpl.java,已扫描,Java17字节码不兼容，未成功分析
com/keyboard/mes/service/impl/ReportServiceImpl.java,已扫描,Java17字节码不兼容，未成功分析
com/keyboard/mes/service/impl/ReworkOrderServiceImpl.java,已扫描,Java17字节码不兼容，未成功分析
com/keyboard/mes/service/impl/SysUserServiceImpl.java,已扫描,Java17字节码不兼容，未成功分析
com/keyboard/mes/service/impl/TraceServiceImpl.java,已扫描,Java17字节码不兼容，未成功分析
com/keyboard/mes/service/impl/WorkReportServiceImpl.java,已扫描,Java17字节码不兼容，未成功分析
com/keyboard/mes/service/InspectionRecordService.java,已扫描,Java17字节码不兼容，未成功分析
com/keyboard/mes/service/MaterialService.java,已扫描,Java17字节码不兼容，未成功分析
com/keyboard/mes/service/ProcessRouteService.java,已扫描,Java17字节码不兼容，未成功分析
com/keyboard/mes/service/ProductBomService.java,已扫描,Java17字节码不兼容，未成功分析
com/keyboard/mes/service/ProductionOrderService.java,已扫描,Java17字节码不兼容，未成功分析
com/keyboard/mes/service/ProductionTaskService.java,已扫描,Java17字节码不兼容，未成功分析
com/keyboard/mes/service/ProductModelService.java,已扫描,Java17字节码不兼容，未成功分析
com/keyboard/mes/service/ReportService.java,已扫描,Java17字节码不兼容，未成功分析
com/keyboard/mes/service/ReworkOrderService.java,已扫描,Java17字节码不兼容，未成功分析
com/keyboard/mes/service/SysUserService.java,已扫描,Java17字节码不兼容，未成功分析
com/keyboard/mes/service/TraceService.java,已扫描,Java17字节码不兼容，未成功分析
com/keyboard/mes/service/WorkReportService.java,已扫描,Java17字节码不兼容，未成功分析
com/keyboard/mes/shiro/MesShiroRealm.java,已扫描,Java17字节码不兼容，未成功分析
com/keyboard/mes/util/PasswordUtils.java,已扫描,临时Java8字节码副本已分析
