GROUP,PACKAGE,CLASS,INSTRUCTION_MISSED,INSTRUCTION_COVERED,BRANCH_MISSED,BRANCH_COVERED,LINE_MISSED,LINE_COVERED,COMPLEXITY_MISSED,COMPLEXITY_COVERED,METHOD_MISSED,METHOD_COVERED
keyboard-mes,com.keyboard.mes.service.impl,TraceServiceImpl,0,219,2,14,0,55,2,14,0,8
keyboard-mes,com.keyboard.mes.service.impl,ProductionOrderServiceImpl,0,249,0,24,0,56,0,24,0,12
keyboard-mes,com.keyboard.mes.service.impl,ProductBomServiceImpl,45,0,6,0,15,0,9,0,6,0
keyboard-mes,com.keyboard.mes.service.impl,ProductionTaskServiceImpl,3,208,2,30,0,52,2,26,0,12
keyboard-mes,com.keyboard.mes.service.impl,ProcessRouteServiceImpl,45,0,6,0,15,0,9,0,6,0
keyboard-mes,com.keyboard.mes.service.impl,MaterialServiceImpl,0,45,0,6,0,15,0,9,0,6
keyboard-mes,com.keyboard.mes.service.impl,SysUserServiceImpl,55,0,6,0,17,0,9,0,6,0
keyboard-mes,com.keyboard.mes.service.impl,ReworkOrderServiceImpl,8,336,6,44,1,86,5,37,0,17
keyboard-mes,com.keyboard.mes.service.impl,ReportServiceImpl,1321,870,98,56,197,164,112,51,51,29
keyboard-mes,com.keyboard.mes.service.impl,WorkReportServiceImpl,9,554,7,65,2,113,8,52,1,23
keyboard-mes,com.keyboard.mes.service.impl,InspectionRecordServiceImpl,4,450,4,58,0,98,5,49,1,22
keyboard-mes,com.keyboard.mes.service.impl,ProductModelServiceImpl,0,45,0,6,0,15,0,9,0,6
keyboard-mes,com.keyboard.mes.shiro,MesShiroRealm,89,0,12,0,23,0,9,0,3,0
keyboard-mes,com.keyboard.mes.util,PasswordUtils,72,0,8,0,14,0,7,0,3,0
keyboard-mes,com.keyboard.mes.service,AuthSessionService.new TypeReference() {...},0,6,0,0,0,1,0,1,0,1
keyboard-mes,com.keyboard.mes.service,AuthSessionService,22,235,7,9,9,51,7,9,0,8
keyboard-mes,com.keyboard.mes.dto,LoginRequest,17,0,0,0,7,0,5,0,5,0
keyboard-mes,com.keyboard.mes.dto,Result,27,45,0,0,8,11,5,7,5,7
keyboard-mes,com.keyboard.mes,KeyboardMesApplication,8,0,0,0,3,0,2,0,2,0
keyboard-mes,com.keyboard.mes.controller,ReworkOrderController,75,19,10,0,23,3,11,3,6,3
keyboard-mes,com.keyboard.mes.controller,ProductionTaskController,75,24,10,0,23,4,11,4,6,4
keyboard-mes,com.keyboard.mes.controller,ProductBomController,78,0,10,0,24,0,12,0,7,0
keyboard-mes,com.keyboard.mes.controller,ProductModelController,32,46,6,4,10,14,7,5,2,5
keyboard-mes,com.keyboard.mes.controller,InspectionRecordController,82,10,10,0,24,3,12,2,7,2
keyboard-mes,com.keyboard.mes.controller,WorkReportController,82,10,10,0,24,3,12,2,7,2
keyboard-mes,com.keyboard.mes.controller,ProcessRouteController,78,0,10,0,24,0,12,0,7,0
keyboard-mes,com.keyboard.mes.controller,ReportController,0,40,0,0,0,10,0,5,0,5
keyboard-mes,com.keyboard.mes.controller,TraceController,0,20,0,0,0,6,0,3,0,3
keyboard-mes,com.keyboard.mes.controller,ProductionOrderController,68,17,10,0,21,4,10,3,5,3
keyboard-mes,com.keyboard.mes.controller,ApiInfoController,410,0,0,0,75,0,12,0,12,0
keyboard-mes,com.keyboard.mes.controller,MaterialController,78,0,10,0,24,0,12,0,7,0
keyboard-mes,com.keyboard.mes.controller,AuthController,90,0,8,0,21,0,9,0,5,0
keyboard-mes,com.keyboard.mes.controller,SysUserController,78,0,10,0,24,0,12,0,7,0
keyboard-mes,com.keyboard.mes.exception,BusinessException,3,12,0,0,1,5,1,2,1,2
keyboard-mes,com.keyboard.mes.exception,GlobalExceptionHandler,79,0,2,0,19,0,10,0,9,0
keyboard-mes,com.keyboard.mes.config,LegacyMetaObjectHandlerPlaceholder,3,0,0,0,1,0,1,0,1,0
keyboard-mes,com.keyboard.mes.config,AuthInterceptor,658,0,40,0,84,0,34,0,14,0
keyboard-mes,com.keyboard.mes.config,WebConfig,138,0,0,0,14,0,3,0,3,0
keyboard-mes,com.keyboard.mes.config,ShiroConfiguration,83,0,4,0,23,0,8,0,6,0
keyboard-mes,com.keyboard.mes.config,RedisStartupWaiter,17,86,4,6,4,25,4,4,0,3
