测试类,用例数,失败,错误,跳过,耗时秒
com.keyboard.mes.api.controller.InspectionRecordControllerTest,1,0,0,0,3.67
com.keyboard.mes.api.controller.ProductModelControllerTest,4,0,0,0,0.149
com.keyboard.mes.api.controller.ProductionOrderControllerTest,2,0,0,0,0.142
com.keyboard.mes.api.controller.ProductionTaskControllerTest,4,0,0,0,0.385
com.keyboard.mes.api.controller.ReportControllerTest,4,0,0,0,0.143
com.keyboard.mes.api.controller.ReworkOrderControllerTest,2,0,0,0,0.094
com.keyboard.mes.api.controller.TraceControllerTest,2,0,0,0,0.074
com.keyboard.mes.api.controller.WorkReportControllerTest,1,0,0,0,0.042
com.keyboard.mes.unit.config.RedisStartupWaiterTest,2,0,0,0,0.648
com.keyboard.mes.unit.service.AuthSessionServiceTest,3,0,0,0,0.328
com.keyboard.mes.unit.service.impl.InspectionRecordServiceImplTest,11,0,0,0,0.123
com.keyboard.mes.unit.service.impl.MaterialServiceImplTest,5,0,0,0,0.021
com.keyboard.mes.unit.service.impl.ProductModelServiceImplTest,5,0,0,0,0.019
com.keyboard.mes.unit.service.impl.ProductionOrderServiceImplTest,7,0,0,0,0.034
com.keyboard.mes.unit.service.impl.ProductionTaskServiceImplTest,14,0,0,0,0.039
com.keyboard.mes.unit.service.impl.ReportServiceImplTest,4,0,0,0,0.058
com.keyboard.mes.unit.service.impl.ReworkOrderServiceImplTest,11,0,0,0,0.034
com.keyboard.mes.unit.service.impl.TraceServiceImplTest,3,0,0,0,0.015
com.keyboard.mes.unit.service.impl.WorkReportServiceImplTest,11,0,0,0,0.051
