112	1	"KMES-F001 有效账号登录"
115	2	"KMES-F002 错误密码拒绝"
118	3	"KMES-F003 退出后会话失效"
121	4	"KMES-F004 管理员维护用户"
124	5	"KMES-F005 操作员越权访问用户"
127	6	"KMES-F006 返修员越权复检"
130	7	"KMES-F007 基础资料新增修改查询"
133	8	"KMES-F008 重复基础资料编号"
136	9	"KMES-F009 无效BOM关联"
139	10	"KMES-F010 合法工单创建"
142	11	"KMES-F011 零数与负数工单"
145	12	"KMES-F012 工单编号重复"
148	13	"KMES-F013 按启用工艺生成任务"
151	14	"KMES-F014 重复生成任务"
154	15	"KMES-F015 跨型号与缺失路线"
157	16	"KMES-F016 任务状态流转"
160	17	"KMES-F017 正常报工数量联动"
163	18	"KMES-F018 报工剩余数量边界"
166	19	"KMES-F019 非法报工数量"
169	20	"KMES-F020 重复报工单号"
172	21	"KMES-F021 合格检验记录"
175	22	"KMES-F022 不合格检验生成返修"
178	23	"KMES-F023 重复检验提交"
181	24	"KMES-F024 维修与合格复检闭环"
184	25	"KMES-F025 复检不合格不放行"
187	26	"KMES-F026 绕过质量门直接完工"
190	27	"KMES-F027 完整SN追溯"
193	28	"KMES-F028 同工单不同SN隔离"
196	29	"KMES-F029 空白与不存在SN"
199	30	"KMES-F030 有效报工合格率"
202	31	"KMES-F031 周期边界与型号筛选"
205	32	"KMES-F032 零分母报表"
208	33	"KMES-F033 Web与小程序结果一致"
211	34	"KMES-F034 小程序岗位操作"
214	35	"KMES-F035 通用维护字段一致"
217	36	"KMES-F036 无效ID及外键保护"
221	37	"KMES-Q001 功能完整性验收"
224	38	"KMES-Q002 功能正确性验收"
227	39	"KMES-Q003 功能适当性验收"
230	40	"KMES-Q004 时间特性验收"
233	41	"KMES-Q005 资源利用率验收"
236	42	"KMES-Q006 容量验收"
239	43	"KMES-Q007 共存性验收"
242	44	"KMES-Q008 互操作性验收"
245	45	"KMES-Q009 可识别性验收"
248	46	"KMES-Q010 易学习性验收"
251	47	"KMES-Q011 易操作性验收"
254	48	"KMES-Q012 用户错误防止验收"
257	49	"KMES-Q013 用户参与度验收"
260	50	"KMES-Q014 包容性验收"
263	51	"KMES-Q015 用户帮助验收"
266	52	"KMES-Q016 自描述性验收"
269	53	"KMES-Q017 无错性验收"
272	54	"KMES-Q018 可用性验收"
275	55	"KMES-Q019 容错性验收"
278	56	"KMES-Q020 易恢复性验收"
281	57	"KMES-Q021 保密性验收"
284	58	"KMES-Q022 完整性验收"
287	59	"KMES-Q023 不可否认性验收"
290	60	"KMES-Q024 可追踪性验收"
293	61	"KMES-Q025 真实性验收"
296	62	"KMES-Q026 防御性验收"
299	63	"KMES-Q027 模块性验收"
302	64	"KMES-Q028 可复用性验收"
305	65	"KMES-Q029 易分析性验收"
308	66	"KMES-Q030 可变更性验收"
311	67	"KMES-Q031 易测试性验收"
314	68	"KMES-Q032 适应性验收"
317	69	"KMES-Q033 可扩展性验收"
320	70	"KMES-Q034 易替换性验收"
323	71	"KMES-Q035 易安装性验收"
326	72	"KMES-Q036 操作约束验收"
329	73	"KMES-Q037 风险识别验收"
332	74	"KMES-Q038 故障安全验收"
335	75	"KMES-Q039 危险警告验收"
338	76	"KMES-Q040 安全集成验收"
